Section,Field,Type,Description,Required,Validation / Notes,Options / Reference
"Event Basics","Event ID","Auto-generated text","Unique ID generated in format PR-YYYYMMDD-XXXXXX","Auto","Generated client-side; stored with submission",""
"Event Basics","Submission Timestamp","DateTime","Captured automatically when submission is received","Auto","ISO 8601 date-time",""
"Event Basics","Preferred Event Date","Date","Requested primary event date","Yes","Must be valid calendar date",""
"Event Basics","Event Start Time","Time","Requested event start time","Yes","24h or 12h time accepted",""
"Event Basics","Event End Time","Time","Requested event end time","Yes","End time must be after start time",""
"Event Basics","Event Duration (hours)","Number","Calculated or manually entered duration","Auto/No","If manual, must be numeric >= 0",""
"Event Basics","Date Flexibility","Single select","How flexible the client is on event date","No","","Firm; +/- 1 Day; +/- 1 Week; Open"
"Event Basics","Venue Name","Text","Venue where the event will be hosted","Yes","",""
"Event Basics","Venue Address","Long text","Street, city, state, zip","Yes","",""
"Event Basics","Venue Type","Dropdown","Type of venue","No","","Hotel; Event Center; Private Residence; Outdoor; Other"
"Event Basics","Indoor / Outdoor","Dropdown","Whether venue is indoor, outdoor, or hybrid","No","","Indoor; Outdoor; Hybrid"
"Event Basics","Load-in Requirements","Long text","Dock access, elevators, security, etc.","No","",""
"Event Basics","On-Site Contact Name","Text","Primary day-of contact","Yes","",""
"Event Basics","On-Site Contact Phone","Phone","Best day-of phone number","Yes","Auto-format to (###) ###-####",""
"Event Basics","On-Site Contact Email","Email","Email for day-of coordination","No","Must be valid email format",""
"Headcount & Budget","Minimum Guest Count","Number","Lowest expected attendee count","Yes","Integer >= 0",""
"Headcount & Budget","Target Guest Count","Number","Most likely attendee count","Yes","Integer >= minimum",""
"Headcount & Budget","Maximum Guest Count","Number","Highest expected attendee count","Yes","Integer >= target",""
"Headcount & Budget","Headcount Flexibility","Single select","How flexible attendee count is","No","","Firm; +/- 10%; +/- 20%; Open"
"Headcount & Budget","Budget Per Guest (Low)","Currency","Lower bound per guest budget","No","Numeric >= 0",""
"Headcount & Budget","Budget Per Guest (Target)","Currency","Target per guest budget","Yes","Numeric >= low",""
"Headcount & Budget","Budget Per Guest (High)","Currency","Upper bound per guest budget","No","Numeric >= target",""
"Headcount & Budget","Total Budget (Low)","Currency","Minimum total spend","No","Numeric >= 0",""
"Headcount & Budget","Total Budget (Target)","Currency","Target total spend","No","Numeric >= low",""
"Headcount & Budget","Total Budget (High)","Currency","Maximum total spend","No","Numeric >= target",""
"Headcount & Budget","Budget Flexibility","Single select","Tolerance for adjusting spend","No","","Firm; +/- 10%; +/- 20%; Open"
"Event Type & Service Style","Event Category","Dropdown","Primary event category","Yes","","Corporate; Non-Profit; Private Social; Wedding; Social Celebration; Other"
"Event Type & Service Style","Event Theme / Purpose","Long text","Narrative description of goals","No","",""
"Event Type & Service Style","Service Style Preferences","Checkboxes","Preferred food service formats","Yes","Allow multi-select","Buffet; Plated; Stations; Family Style; Passed Hors d'oeuvres; Bar Service; Dessert Focused; Other"
"Event Type & Service Style","Beverage Requirements","Long text","Bar, beverage or specialty drink needs","No","",""
"Event Type & Service Style","Equipment / Rentals Needed","Long text","Tables, linens, china, rentals","No","",""
"Contact & Billing","Primary Contact Name","Text","Person submitting inquiry","Yes","",""
"Contact & Billing","Primary Contact Email","Email","Best email for follow-up","Yes","Must be valid email",""
"Contact & Billing","Primary Contact Phone","Phone","Best phone number","Yes","Auto-format; accept digits/spaces/punctuation",""
"Contact & Billing","Company / Organization","Text","Company or host organization","No","",""
"Contact & Billing","Role / Title","Text","Role of primary contact","No","",""
"Contact & Billing","Decision Maker Name","Text","Ultimate decision maker if different","No","",""
"Contact & Billing","Decision Maker Email","Email","Email for decision maker","No","Must be valid email format",""
"Contact & Billing","Billing Entity Name","Text","Entity to appear on invoices","No","",""
"Contact & Billing","Billing Address","Long text","Mailing address for invoices","No","",""
"Contact & Billing","Corporate / Fiscal Sponsor","Text","Fiscal sponsor or parent organization","No","",""
"Priorities & Requirements","Top Priority #1","Dropdown","Most important requirement","Yes","","Menu Quality; Presentation; Budget; Timeline; Dietary Needs; Experience; Other"
"Priorities & Requirements","Top Priority #2","Dropdown","Second most important requirement","Yes","Should differ from Priority #1","Menu Quality; Presentation; Budget; Timeline; Dietary Needs; Experience; Other"
"Priorities & Requirements","Dietary Restrictions","Long text","List of dietary restrictions","Yes","",""
"Priorities & Requirements","Allergies","Long text","Known severe allergies","No","",""
"Priorities & Requirements","Allergy Coordinator","Text","Contact responsible for allergy communications","No","",""
"Priorities & Requirements","Special Requests","Long text","Other non-negotiables or notes","No","",""
"Internal Risk Assessment","Payment Risk Rating","Dropdown","Internal rating of payment risk (1 low - 3 high)","Staff Only","Must be 1, 2, or 3","1 - Low; 2 - Moderate; 3 - High"
"Internal Risk Assessment","Venue Complexity","Long text","Notes on access, layout, restrictions","Staff Only","",""
"Internal Risk Assessment","Risk Flags","Long text","Concerns or mitigation items","Staff Only","",""
"Marketing Attribution","Referral Source","Dropdown","How the client heard about us","Yes","","Website; Social Media; Referral; Returning Client; Event Planner; Venue Partner; Advertisement; Other"
"Marketing Attribution","Marketing Channel","Dropdown","Specific channel for attribution","No","","Instagram; Facebook; LinkedIn; Google Search; Email Campaign; Trade Show; Word of Mouth; Other"
"Marketing Attribution","Campaign / Offer","Text","Campaign code or promotion tied to lead","No","",""
"Marketing Attribution","Notes","Long text","Additional attribution notes","No","",""
"Internal Use","Assigned To","Dropdown","Team member responsible for follow-up","Staff Only","","Sales Coordinator; Senior Planner; Catering Manager; TBD"
"Internal Use","Lead Status","Dropdown","Pipeline status post-review","Staff Only","","New; Discovery Scheduled; Proposal Sent; Negotiation; Contract Sent; Closed Won; Closed Lost"
"Internal Use","Qualification Score","Number","Score from Qualification Checklist","Staff Only","0-100 numeric",""
"Compliance","Privacy Consent","Checkbox","Client consent to store/process data","Yes","Must be TRUE to submit",""
